Open;High;Low;Close;Adj Close;Volume
28400.04;28400.04;28345.07;28351.76;28351.76;2607104
28360.84;28380.08;28360.84;28380.08;28380.08;3609600
28459.47;28475.11;28459.47;28474.02;28474.02;6374400
28481.97;28499.72;28481.97;28499.72;28499.72;16231424
28504.69;28504.69;28491.89;28491.89;28491.89;5799936
28476.18;28476.18;28454.99;28456.95;28456.95;5902336
28469.27;28475.75;28465.87;28475.75;28475.75;8768512
28495.58;28501.47;28495.58;28501.47;28501.47;136192
28474.61;28481.64;28474.61;28478.97;28478.97;348160
28499.75;28504.87;28499.75;28504.28;28504.28;559104
28519.54;28525.01;28519.54;28524.96;28524.96;5102592
28512.4;28515.65;28512.4;28514.19;28514.19;5086208
28518.94;28546.77;28518.94;28546.77;28546.77;1423360
28561.83;28585.65;28561.83;28579.96;28579.96;71703552
28576.67;28889.01;28576.67;28727.96;28727.96;236791808
28735.29;28752.9;28698.83;28698.83;28698.83;454347776
28725.67;28742.08;28725.67;28742.08;28742.08;135631872
28741.8;28741.8;28701.52;28701.52;28701.52;47966208
28678.88;28713.77;28676.11;28676.11;28676.11;133760000
28680.23;28686.1;28671.38;28686.1;28686.1;46703616
28708.99;28752.34;28708.99;28744.19;28744.19;76482560
28719.69;28769.93;28718.52;28769.93;28769.93;31436800
28746.45;28782.35;28746.45;28782.35;28782.35;57655296
28793.82;28852.36;28793.82;28828.72;28828.72;92794880
28769.29;28769.29;28706.55;28713.13;28713.13;69506048
28694.45;28694.45;28672.12;28675.93;28675.93;83909632
28675.62;28689.07;28675.62;28687.31;28687.31;36001792
28725.93;28725.93;28685.9;28689.35;28689.35;19620864
28689.35;28727.57;28689.35;28727.57;28727.57;4578304
28725.73;28742.79;28725.73;28742.79;28742.79;9939968
28742.97;28742.97;28727.99;28734.28;28734.28;10712064
28731.25;28731.25;28695.69;28695.69;28695.69;10890240
28694.33;28704.89;28678.49;28678.49;28678.49;2141184
28678.86;28692.71;28677.58;28677.58;28677.58;6373376
28671.76;28671.76;28653.46;28661.91;28661.91;8558592
28690.35;28700.38;28690.35;28693.2;28693.2;15842304
28585.39;28598.25;28574.64;28579.31;28579.31;56796160
28589.03;28597.47;28589.03;28593.41;28593.41;16974848
28586.09;28606.53;28586.09;28589.31;28589.31;14373888
28582.34;28590.07;28555.81;28590.07;28590.07;12304384
28590.07;28599.22;28575.31;28599.22;28599.22;11242496
28607.66;28607.66;28596.55;28596.55;28596.55;17007616
28534.12;28539.47;28526.45;28526.45;28526.45;5836800
28554.81;28556.37;28551.89;28551.89;28551.89;2613248
28553.37;28556.83;28550.53;28556.83;28556.83;2708480
28584.86;28595.67;28584.86;28595.67;28595.67;13851648
28600.52;28605.43;28578.21;28578.21;28578.21;1495040
28576.45;28606.09;28575.53;28606.09;28606.09;9691136
28607.4;28607.4;28600.52;28600.52;28600.52;4148224
28602.76;28602.76;28592.57;28592.57;28592.57;11043840
28578.81;28578.97;28576.21;28576.21;28576.21;3191808
28278.8;28344.47;28278.8;28331.05;28331.05;201694208
28363.07;28400.45;28363.07;28400.45;28400.45;64079872
28400.04;28408.28;28391.46;28401.15;28401.15;44039168
28400.15;28419.9;28398.54;28419.9;28419.9;6210560
28394.02;28420.0;28390.23;28420.0;28420.0;19596288
28371.87;28371.87;28365.79;28365.79;28365.79;12178432
28357.39;28388.34;28357.39;28388.34;28388.34;1946624
28402.67;28404.71;28398.3;28400.2;28400.2;19789824
28394.39;28394.39;28371.72;28371.72;28371.72;2340864
28369.68;28391.23;28369.68;28391.23;28391.23;1733632
28391.69;28409.7;28391.69;28406.08;28406.08;3422208
28363.94;28363.94;28322.58;28331.84;28331.84;10126336
28311.0;28337.76;28311.0;28326.71;28326.71;8576000
28386.62;28386.62;28353.1;28353.1;28353.1;285672448
28312.81;28315.87;28293.46;28315.87;28315.87;5774336
28304.96;28358.69;28304.96;28358.69;28358.69;17235968
28371.04;28371.04;28314.5;28314.5;28314.5;2143232
28301.04;28301.04;28274.24;28274.24;28274.24;11374592
28252.77;28252.77;28174.25;28212.56;28212.56;84418560
28232.28;28244.76;28232.28;28239.4;28239.4;17627136
28217.54;28222.01;28199.84;28213.35;28213.35;9623552
28306.99;28377.79;28306.99;28377.79;28377.79;42130432
28375.22;28375.22;28374.16;28374.16;28374.16;89948160
28363.58;28363.58;28346.22;28346.22;28346.22;6925312
28360.68;28362.05;28338.06;28338.06;28338.06;9700352
28327.42;28327.42;28299.03;28299.03;28299.03;4248576
28306.16;28318.91;28306.16;28318.91;28318.91;12437504
28386.84;28402.68;28386.84;28402.68;28402.68;11248640
28385.47;28385.9;28373.33;28373.33;28373.33;34891776
28412.42;28412.69;28402.91;28410.97;28410.97;45675520
28413.97;28413.97;28408.21;28413.35;28413.35;34272256
28424.81;28424.81;28411.07;28411.07;28411.07;13030400
28411.25;28414.62;28394.27;28394.27;28394.27;15114240
28368.58;28368.81;28366.21;28368.81;28368.81;4923392
28366.85;28368.85;28360.03;28368.85;28368.85;905216
28366.68;28373.82;28364.61;28373.82;28373.82;1052672
28374.99;28374.99;28350.54;28350.54;28350.54;8238080
28274.53;28291.57;28274.51;28290.99;28290.99;7048192
28288.38;28289.1;28264.58;28274.53;28274.53;4012032
28302.41;28314.1;28298.33;28314.1;28314.1;1937408
28322.75;28322.75;28309.41;28309.41;28309.41;2289664
28282.77;28297.03;28278.93;28297.03;28297.03;829440
28245.37;28247.77;28227.16;28247.77;28247.77;6754304
28243.57;28243.57;28230.14;28230.55;28230.55;18484224
28272.38;28272.38;28259.66;28259.66;28259.66;5289984
28286.97;28310.91;28286.97;28310.91;28310.91;6740992
28321.09;28322.21;28311.19;28319.4;28319.4;5453824
28322.64;28334.14;28322.37;28332.58;28332.58;9184256
28331.02;28338.11;28328.12;28328.12;28328.12;248240128
28319.8;28320.09;28315.51;28317.52;28317.52;2865152
28330.8;28341.74;28330.8;28341.74;28341.74;3885056
28339.96;28347.2;28339.96;28346.45;28346.45;551936
28362.86;28362.86;28340.65;28346.06;28346.06;14593024
28341.29;28341.29;28338.25;28340.2;28340.2;1082368
28336.52;28340.6;28336.16;28336.16;28336.16;6215680
28319.12;28325.47;28319.12;28325.47;28325.47;9736192
28335.44;28358.82;28327.53;28327.53;28327.53;18853888
28323.28;28325.51;28321.48;28321.99;28321.99;4609024
28329.59;28340.6;28327.17;28340.6;28340.6;2846720
28333.03;28333.03;28324.24;28329.97;28329.97;1112064
28330.7;28330.7;28328.23;28329.4;28329.4;1050624
28309.84;28329.95;28309.84;28329.95;28329.95;8605696
28321.77;28351.78;28320.22;28351.78;28351.78;10076160
28350.32;28358.43;28350.32;28356.46;28356.46;17372160
28337.77;28376.39;28337.77;28372.02;28372.02;7630848
28378.48;28391.29;28375.4;28388.42;28388.42;26554368
28397.28;28399.84;28393.88;28399.84;28399.84;15624192
28404.1;28413.59;28404.1;28413.59;28413.59;7351296
28416.93;28420.3;28412.79;28412.79;28412.79;4398080
28398.41;28400.39;28386.01;28386.01;28386.01;8494080
28345.54;28345.54;28295.55;28295.55;28295.55;29128704
28185.96;28235.73;28177.99;28235.73;28235.73;204209152
28227.61;28227.61;28208.84;28208.84;28208.84;70182912
28229.73;28245.4;28229.73;28241.4;28241.4;73738240
28233.61;28263.6;28233.61;28257.94;28257.94;23411712
28258.32;28258.32;28227.79;28250.46;28250.46;21762048
28240.36;28240.36;28209.45;28209.45;28209.45;72065024
28211.59;28211.59;28206.22;28210.78;28210.78;9677824
28210.46;28213.86;28204.2;28204.2;28204.2;10884096
28204.3;28230.69;28204.3;28214.17;28214.17;2486272
28219.13;28231.29;28206.67;28228.58;28228.58;4112384
28218.85;28218.85;28209.39;28214.22;28214.22;3987456
28232.86;28242.19;28230.12;28237.54;28237.54;1018880
28233.66;28249.53;28233.66;28249.53;28249.53;10854400
28252.95;28264.7;28252.26;28264.7;28264.7;5913600
28266.29;28266.29;28258.19;28260.07;28260.07;10329088
28259.72;28259.72;28250.96;28250.96;28250.96;1113088
28260.49;28260.49;28241.8;28244.23;28244.23;9286656
28244.55;28254.7;28240.9;28254.7;28254.7;8137728
28261.99;28262.09;28250.9;28252.02;28252.02;4759552
28262.49;28262.92;28248.18;28250.56;28250.56;6000640
28253.02;28253.02;28246.38;28246.57;28246.57;3570688
28245.52;28249.65;28245.52;28249.65;28249.65;10625024
28248.99;28271.65;28248.99;28271.65;28271.65;9681920
28277.49;28277.83;28270.36;28270.36;28270.36;13102080
28274.47;28288.08;28270.31;28283.83;28283.83;1193984
28290.51;28290.51;28284.38;28287.29;28287.29;3247104
28284.31;28293.36;28284.31;28286.98;28286.98;26406912
28309.59;28309.59;28299.36;28303.54;28303.54;234496
28304.78;28306.22;28289.97;28289.97;28289.97;39936
28360.09;28369.8;28357.75;28369.8;28369.8;5498880
28334.91;28352.41;28326.21;28352.41;28352.41;10036224
28355.7;28355.7;28351.56;28353.94;28353.94;6751232
28355.13;28355.13;28335.54;28337.18;28337.18;2835456
28309.36;28327.97;28308.08;28323.48;28323.48;27487232
28316.6;28356.8;28316.6;28356.8;28356.8;22410240
28364.02;28376.05;28364.02;28376.05;28376.05;7322624
28371.95;28373.71;28366.42;28372.73;28372.73;1747968
28370.63;28382.76;28370.63;28378.71;28378.71;24080384
28375.77;28396.41;28375.77;28396.41;28396.41;13598720
28402.89;28409.19;28402.89;28409.19;28409.19;25363456
28404.78;28407.55;28397.57;28400.92;28400.92;50570240
28390.25;28400.12;28390.25;28399.13;28399.13;25501696
28498.16;28513.6;28475.79;28475.79;28475.79;110240768
28499.72;28499.72;28442.65;28442.65;28442.65;63420416
28450.07;28459.1;28450.07;28455.57;28455.57;26191872
28419.41;28442.28;28419.41;28442.28;28442.28;18594816
28446.55;28462.45;28443.16;28462.45;28462.45;5679104
28467.22;28467.22;28460.49;28463.05;28463.05;11037696
28485.04;28497.24;28485.04;28491.62;28491.62;25858048
28495.31;28498.78;28490.43;28490.43;28490.43;23457792
28453.92;28465.43;28453.92;28461.54;28461.54;11790336
28455.89;28455.89;28445.78;28445.78;28445.78;7315456
28446.58;28446.58;28434.55;28436.56;28436.56;16115712
28434.54;28436.49;28419.31;28430.69;28430.69;9842688
28433.52;28439.58;28433.52;28436.41;28436.41;1024
28430.91;28447.25;28429.46;28447.25;28447.25;5594112
28438.37;28445.39;28433.45;28433.45;28433.45;14406656
28436.04;28447.49;28436.04;28444.99;28444.99;12426240
28445.74;28449.35;28445.74;28449.35;28449.35;22218752
28477.96;28484.42;28473.58;28481.6;28481.6;6757376
28482.41;28554.48;28482.41;28523.05;28523.05;24841216
28512.03;28535.54;28495.79;28535.54;28535.54;81843200
28538.55;28566.75;28527.37;28527.37;28527.37;45263872
28506.58;28506.58;28461.88;28461.88;28461.88;55084032
28450.39;28486.65;28450.39;28486.65;28486.65;42222592
28472.43;28472.43;28453.56;28465.1;28465.1;22603776
28462.68;28463.64;28449.96;28450.67;28450.67;13176832
28451.57;28501.32;28451.57;28501.32;28501.32;1265664
28522.19;28536.36;28522.19;28536.36;28536.36;17922048
28537.85;28537.85;28496.16;28496.16;28496.16;311114752
28467.62;28511.07;28467.62;28511.07;28511.07;15022080
28511.45;28526.63;28511.45;28526.63;28526.63;18565120
28528.31;28539.79;28522.46;28530.71;28530.71;21569536
28533.71;28551.43;28529.24;28550.29;28550.29;4346880
28556.87;28556.87;28540.04;28554.97;28554.97;24502272
28555.59;28567.53;28555.59;28557.33;28557.33;25658368
28527.84;28527.84;28480.09;28480.09;28480.09;22557696
28506.26;28506.26;28493.6;28503.62;28503.62;24353792
28496.16;28504.46;28489.09;28494.26;28494.26;6053888
28477.89;28516.08;28477.89;28512.49;28512.49;10869760
28532.53;28567.5;28532.53;28567.5;28567.5;5002240
28584.96;28584.96;28528.99;28528.99;28528.99;28576768
28564.61;28564.61;28531.62;28531.62;28531.62;17712128
28524.34;28526.67;28517.12;28526.67;28526.67;3264512
28590.3;28611.44;28574.2;28611.44;28611.44;18205696
28613.04;28689.16;28613.04;28641.06;28641.06;101790720
28639.08;28693.73;28639.08;28693.73;28693.73;125403136
28702.98;28776.95;28702.98;28770.93;28770.93;77501440
28798.23;28798.23;28747.0;28747.0;28747.0;120569856
28742.06;28788.67;28742.06;28744.65;28744.65;89164800
28742.64;28742.64;28681.13;28687.91;28687.91;63207424
28689.84;28689.84;28630.58;28630.58;28630.58;83813376
28619.83;28629.95;28600.57;28608.1;28608.1;116538368
28617.84;28658.41;28612.72;28658.41;28658.41;61406208
28665.4;28672.88;28659.94;28672.88;28672.88;23767040
28668.33;28737.64;28668.33;28737.64;28737.64;52871168
28738.87;28772.38;28738.87;28744.35;28744.35;79959040
28747.4;28747.4;28711.27;28712.71;28712.71;29415424
28706.6;28707.68;28695.74;28695.74;28695.74;48718848
28693.3;28766.16;28693.3;28766.16;28766.16;7942144
28765.21;28773.11;28722.41;28773.11;28773.11;49115136
28767.62;28774.05;28749.2;28774.05;28774.05;8368128
28788.28;28882.35;28788.28;28882.35;28882.35;217803776
28874.92;28874.92;28823.39;28848.14;28848.14;96271360
28892.47;28892.47;28764.05;28764.05;28764.05;133512192
28764.27;28764.27;28709.38;28717.26;28717.26;71487488
28697.81;28697.81;28656.7;28658.59;28658.59;67122176
28671.25;28689.94;28666.91;28681.25;28681.25;53789696
28674.34;28695.9;28662.09;28695.9;28695.9;38799360
28693.16;28705.84;28665.04;28688.31;28688.31;23188480
28664.62;28674.03;28635.1;28648.4;28648.4;48692224
28642.52;28678.64;28642.52;28670.3;28670.3;15815680
28643.35;28648.16;28643.21;28643.21;28643.21;2834432
28618.1;28618.1;28583.88;28583.88;28583.88;7255040
28562.5;28562.5;28493.61;28493.61;28493.61;48473088
28516.09;28564.33;28516.09;28534.0;28534.0;85912576
28547.06;28555.87;28538.91;28541.51;28541.51;22627328
28545.41;28560.79;28545.41;28560.79;28560.79;15543296
28610.57;28619.98;28610.57;28616.8;28616.8;35622912
28615.79;28647.02;28615.79;28647.02;28647.02;19514368
28641.95;28652.66;28641.95;28651.48;28651.48;16754688
28644.47;28656.19;28644.47;28651.51;28651.51;22038528
28654.7;28656.4;28646.92;28648.91;28648.91;20411392
28638.14;28638.14;28619.96;28619.96;28619.96;4812800
28664.91;28673.48;28659.11;28666.39;28666.39;35890176
28671.13;28703.3;28671.13;28695.9;28695.9;36194304
28688.5;28692.15;28675.72;28681.98;28681.98;12216320
28679.8;28679.8;28662.3;28668.62;28668.62;8539136
28691.4;28691.96;28681.64;28688.35;28688.35;13279232
28688.46;28702.13;28688.46;28695.19;28695.19;6176768
28721.6;28721.6;28711.29;28712.45;28712.45;6051840
28721.03;28724.39;28715.71;28724.39;28724.39;3531776
28725.57;28725.57;28716.15;28716.15;28716.15;28613632
28724.35;28757.27;28724.35;28747.69;28747.69;23112704
28766.82;28766.82;28744.24;28747.53;28747.53;35053568
28745.66;28747.51;28742.21;28742.21;28742.21;4272128
28741.71;28763.71;28741.71;28763.16;28763.16;4525056
28767.39;28767.39;28738.52;28738.52;28738.52;35594240
28747.21;28763.2;28747.21;28763.2;28763.2;9126912
28783.87;28791.5;28783.87;28787.71;28787.71;1772544
28769.03;28772.58;28769.03;28771.11;28771.11;16979968
28775.5;28775.5;28738.79;28738.79;28738.79;31384576
28737.31;28741.58;28722.99;28741.58;28741.58;38927360
28740.42;28740.47;28733.85;28737.51;28737.51;12693504
28752.99;28788.22;28752.99;28788.22;28788.22;16722944
28786.49;28836.88;28783.33;28836.88;28836.88;6224896
28847.58;28847.58;28813.72;28824.74;28824.74;140058624
28823.38;28830.39;28815.03;28815.03;28815.03;23968768
28799.24;28799.24;28721.37;28721.37;28721.37;31943680
28726.31;28726.31;28699.08;28717.39;28717.39;14424064
28734.45;28740.28;28707.25;28707.25;28707.25;40067072
28672.4;28700.67;28662.84;28700.67;28700.67;42970112
28693.97;28710.63;28693.97;28706.62;28706.62;20525056
28704.08;28704.08;28676.33;28676.33;28676.33;6090752
28690.98;28695.35;28668.45;28668.45;28668.45;17240064
28663.33;28663.33;28650.35;28653.62;28653.62;29697024
28636.99;28650.1;28636.99;28639.25;28639.25;18321408
28642.84;28659.16;28642.84;28652.97;28652.97;34011136
28655.27;28655.27;28637.9;28637.9;28637.9;2154496
28637.13;28650.67;28637.13;28650.66;28650.66;4411392
28650.83;28668.84;28640.88;28640.88;28640.88;11344896
28635.41;28635.41;28628.9;28628.9;28628.9;7640064
28657.45;28657.72;28651.84;28657.72;28657.72;6514688
28690.73;28698.22;28690.73;28691.82;28691.82;20364288
28693.69;28703.82;28691.01;28701.74;28701.74;9148416
28712.35;28712.35;28693.57;28693.57;28693.57;14817280
28700.18;28707.27;28696.98;28701.49;28701.49;415744
28698.78;28698.78;28684.53;28695.86;28695.86;22095872
28693.43;28693.43;28668.76;28668.76;28668.76;10911744
28666.4;28677.24;28666.4;28677.24;28677.24;6578176
28673.74;28679.31;28673.74;28679.31;28679.31;1431552
28663.92;28668.21;28659.7;28668.21;28668.21;7853056
28677.33;28677.33;28663.4;28663.4;28663.4;323340288
28661.53;28664.63;28657.63;28662.57;28662.57;11190272
28677.61;28695.47;28677.61;28694.38;28694.38;18671616
28711.35;28718.22;28708.87;28718.22;28718.22;18902016
28732.81;28773.45;28729.53;28773.45;28773.45;921600
28769.54;28780.01;28765.91;28780.01;28780.01;32363520
28772.65;28772.65;28743.41;28743.41;28743.41;25445376
28733.25;28733.25;28721.32;28721.32;28721.32;9013248
28701.87;28702.33;28697.59;28698.1;28698.1;898048
28689.09;28702.81;28689.09;28691.07;28691.07;9904128
28681.12;28683.81;28675.97;28677.06;28677.06;1411072
28645.44;28645.44;28624.27;28626.52;28626.52;5516288
28614.08;28615.09;28601.67;28607.02;28607.02;12782592
28618.04;28619.56;28615.49;28615.49;28615.49;1012736
28619.61;28641.81;28617.75;28639.43;28639.43;9356288
28637.94;28650.62;28637.19;28649.67;28649.67;5861376
28707.29;28751.82;28707.29;28751.82;28751.82;16445440
28757.44;28813.8;28757.44;28801.98;28801.98;45289472
28828.27;28828.27;28774.22;28801.47;28801.47;52058112
28795.86;28877.22;28795.86;28877.22;28877.22;26427392
28921.68;28933.1;28919.82;28919.82;28919.82;115652608
28925.23;28925.23;28898.67;28904.91;28904.91;61509632
28917.16;29066.43;28917.16;28977.89;28977.89;162357248
28994.97;29065.16;28991.69;29012.47;29012.47;152285184
29045.09;29045.09;29007.67;29008.11;29008.11;102735872
28999.75;29027.5;28996.22;28996.22;28996.22;32063488
28967.4;28967.4;28943.27;28943.27;28943.27;27270144
28946.4;29025.25;28946.4;29025.25;29025.25;41572352
29015.06;29182.71;29015.06;29168.14;29168.14;160344064
29144.37;29199.8;29124.52;29199.8;29199.8;175409152
29280.85;29372.42;29280.85;29372.42;29372.42;275824640
29331.85;29331.85;29225.58;29225.58;29225.58;149403648
29226.54;29226.54;29203.28;29212.74;29212.74;114416640
29217.08;29254.33;29216.35;29216.35;29216.35;82924544
29217.2;29217.2;29185.19;29185.19;29185.19;78324736
29193.27;29205.96;29180.2;29205.96;29205.96;46740480
29201.32;29265.11;29201.32;29265.11;29265.11;58844160
29256.33;29298.36;29256.33;29298.36;29298.36;33181696
29305.07;29305.07;29202.98;29202.98;29202.98;30746624
29203.75;29210.54;29190.59;29196.71;29196.71;31731712
29209.99;29248.4;29209.99;29248.4;29248.4;39915520
29262.66;29272.95;29260.48;29272.95;29272.95;41118720
29265.06;29321.81;29265.06;29321.33;29321.33;81767424
29320.51;29320.51;29257.64;29257.64;29257.64;72349696
29236.05;29252.57;29217.06;29218.5;29218.5;47350784
29239.64;29278.24;29239.64;29264.83;29264.83;65912832
29248.77;29306.22;29246.69;29306.22;29306.22;22434816
29310.04;29340.47;29310.04;29332.75;29332.75;106441728
29332.4;29339.57;29309.9;29309.9;29309.9;29224960
29305.75;29306.09;29296.6;29298.75;29298.75;7119872
29297.59;29316.64;29297.59;29298.03;29298.03;21180416
29294.55;29302.86;29294.55;29302.03;29302.03;21402624
29288.04;29288.04;29198.44;29198.44;29198.44;17656832
29198.47;29198.47;29172.82;29172.82;29172.82;73635840
29169.2;29184.97;29156.87;29158.46;29158.46;110450688
29162.01;29183.19;29162.01;29182.1;29182.1;130812928
29196.95;29209.73;29196.95;29204.31;29204.31;121145344
29214.79;29227.69;29212.3;29224.47;29224.47;21115904
29225.22;29227.19;29220.54;29223.34;29223.34;14252032
29225.58;29232.13;29221.24;29229.86;29229.86;12662784
29222.11;29227.18;29218.63;29227.18;29227.18;3963904
29252.01;29263.07;29230.08;29230.08;29230.08;40325120
29218.04;29220.22;29213.83;29216.91;29216.91;15726592
29203.13;29224.57;29203.13;29224.57;29224.57;15400960
29220.26;29223.09;29219.31;29221.55;29221.55;39049216
29221.52;29260.83;29212.94;29260.83;29260.83;14589952
29271.52;29271.52;29262.96;29262.96;29262.96;28327936
29275.88;29275.88;29261.93;29263.75;29263.75;15460352
29256.63;29265.09;29256.63;29261.2;29261.2;26073088
29275.65;29278.72;29255.5;29255.5;29255.5;6096896
29270.58;29296.25;29270.58;29296.25;29296.25;32763904
29283.98;29315.75;29283.98;29315.75;29315.75;16484352
29316.47;29335.38;29316.47;29333.05;29333.05;43819008
29335.16;29335.16;29282.92;29288.77;29288.77;53819392
29290.91;29291.34;29286.43;29286.43;29286.43;12994560
29277.3;29286.16;29276.33;29276.57;29276.57;33480704
29257.26;29277.51;29256.73;29277.51;29277.51;21073920
29287.3;29302.87;29284.91;29302.6;29302.6;13787136
29318.14;29365.89;29318.14;29336.42;29336.42;86312960
29341.19;29370.8;29341.19;29370.8;29370.8;55945216
29337.17;29337.17;29284.69;29284.69;29284.69;104130560
29276.95;29276.95;29247.1;29250.22;29250.22;79245312
29257.91;29283.95;29257.91;29282.24;29282.24;26447872
29291.54;29389.07;29291.54;29385.03;29385.03;42747904
29379.75;29394.24;29379.75;29379.98;29379.98;64253952
29371.5;29441.75;29366.27;29441.75;29441.75;108294144
29453.15;29453.15;29419.53;29419.53;29419.53;65818624
29449.27;29646.93;29449.27;29611.4;29611.4;151687168
29619.2;29731.77;29617.48;29690.39;29690.39;365944832
29741.95;29741.95;29698.88;29698.88;29698.88;153460736
29708.79;29798.75;29708.79;29798.75;29798.75;208111616
29847.28;29847.28;29772.13;29794.42;29794.42;200509440
29777.25;29782.65;29761.94;29761.94;29761.94;67397632
29754.51;29824.87;29754.51;29770.58;29770.58;125609984
29752.43;29752.43;29705.66;29707.39;29707.39;34277376
29758.67;29758.67;29758.67;29758.67;29758.67;97468416
29733.86;29733.86;29733.86;29733.86;29733.86;57212928
29710.35;29710.35;29710.35;29710.35;29710.35;8849408
29736.12;29808.05;29736.12;29808.05;29808.05;57208832
29808.9;29823.47;29808.9;29823.47;29823.47;133033984
29787.36;29787.36;29777.38;29777.38;29777.38;24596480
29767.2;29836.79;29767.2;29836.79;29836.79;11212800
29814.14;29819.84;29771.46;29771.46;29771.46;33880064
29777.96;29777.96;29732.35;29762.86;29762.86;1720320
29782.66;29812.34;29782.66;29789.23;29789.23;27111424
29796.11;29825.89;29796.11;29817.41;29817.41;78225408
29797.92;29887.45;29797.92;29887.45;29887.45;47470592
29905.68;29908.54;29873.5;29908.54;29908.54;46338048
29910.27;29965.86;29888.07;29965.86;29965.86;48244736
29973.26;30002.76;29950.89;30002.76;30002.76;79099904
29982.8;29982.8;29857.28;29857.28;29857.28;247699456
29868.43;29892.79;29841.44;29879.6;29879.6;128690176
29942.62;30002.51;29942.62;30002.51;30002.51;80633856
30010.12;30104.09;29990.12;30023.22;30023.22;401506304
30013.78;30013.78;29922.3;29922.3;29922.3;163330048
29944.89;29980.84;29913.41;29916.26;29916.26;85223424
29911.59;29911.59;29873.45;29887.57;29887.57;40296448
29880.34;29880.34;29826.81;29876.8;29876.8;58001408
29904.76;29909.21;29882.5;29909.21;29909.21;55791616
29931.28;29962.59;29931.28;29962.59;29962.59;78012416
29972.44;30003.64;29972.44;30003.64;30003.64;86571008
29999.72;30005.96;29980.96;29980.96;29980.96;45740032
29958.06;29980.06;29958.06;29980.06;29980.06;108965888
29982.59;30038.76;29982.59;30024.42;30024.42;84029440
30035.55;30035.55;29983.71;29983.71;29983.71;84787200
29957.42;29957.42;29900.86;29913.87;29913.87;58169344
29931.33;29958.69;29920.6;29958.69;29958.69;70492160
29944.07;29944.07;29901.95;29901.95;29901.95;9953280
29924.2;29924.2;29856.64;29870.07;29870.07;52115456
29862.94;29901.87;29862.94;29894.4;29894.4;729088
29891.42;29927.31;29891.42;29927.31;29927.31;24596480
29766.95;29766.95;29662.36;29662.36;29662.36;115939328
29638.61;29661.37;29601.51;29649.98;29649.98;213700608
29656.53;29679.0;29639.99;29679.0;29679.0;100909056
29708.98;29708.98;29611.45;29611.45;29611.45;110870528
29639.32;29639.32;29507.05;29507.05;29507.05;148271104
29515.24;29515.24;29430.07;29478.31;29478.31;131891200
29505.67;29534.53;29505.67;29534.53;29534.53;139608064
29539.68;29584.27;29539.68;29584.27;29584.27;9150464
29575.21;29596.77;29546.26;29550.95;29550.95;43704320
29571.02;29571.02;29519.27;29534.74;29534.74;27754496
29523.01;29530.11;29507.47;29509.87;29509.87;35313664
29527.21;29556.44;29527.21;29531.8;29531.8;31950848
29549.38;29552.77;29521.78;29531.24;29531.24;20459520
29537.64;29550.15;29504.48;29550.15;29550.15;28958720
29557.93;29634.86;29557.93;29634.86;29634.86;28852224
29627.14;29627.14;29604.65;29612.56;29612.56;50769920
29590.26;29626.46;29578.69;29626.46;29626.46;24971264
29634.28;29649.35;29634.28;29639.39;29639.39;26028032
29652.15;29676.07;29652.15;29668.11;29668.11;61519872
29713.84;29730.29;29696.95;29696.95;29696.95;33757184
29632.5;29632.5;29474.38;29474.38;29474.38;48644096
29497.15;29547.08;29497.15;29540.13;29540.13;74635264
29566.72;29585.49;29548.27;29585.49;29585.49;7337984
29558.3;29582.72;29556.75;29556.75;29556.75;4945920
29515.26;29591.37;29515.26;29584.65;29584.65;26105856
29585.28;29585.61;29561.46;29585.61;29585.61;36304896
29438.12;29452.04;29437.48;29437.48;29437.48;6039552
29376.12;29428.45;29376.12;29428.45;29428.45;86628352
29414.2;29458.93;29414.2;29458.93;29458.93;46585856
29464.41;29477.71;29450.29;29473.93;29473.93;12146688
29518.89;29526.66;29512.38;29520.49;29520.49;31320064
29550.67;29551.5;29534.55;29534.55;29534.55;10303488
29529.32;29531.81;29518.98;29531.81;29531.81;516096
29516.41;29523.7;29506.67;29506.67;29506.67;515663872
29477.63;29478.65;29439.9;29439.9;29439.9;8157184
29454.42;29471.93;29454.42;29457.88;29457.88;8148992
29433.46;29479.32;29428.41;29479.32;29479.32;17555456
29494.02;29543.32;29494.02;29543.32;29543.32;24885248
29545.89;29563.88;29545.89;29563.88;29563.88;41469952
29558.77;29578.46;29558.77;29578.46;29578.46;2824192
29579.72;29583.99;29571.05;29583.99;29583.99;1796096
29580.82;29585.34;29577.25;29584.87;29584.87;172032
29585.35;29624.48;29585.35;29624.48;29624.48;4190208
29622.28;29622.28;29577.05;29585.09;29585.09;76210176
29597.13;29597.13;29582.23;29591.67;29591.67;14821376
29614.27;29646.24;29614.27;29646.24;29646.24;10088448
29625.03;29649.97;29625.03;29644.66;29644.66;479232
29647.76;29647.76;29630.66;29630.66;29630.66;5244928
29653.78;29653.78;29644.77;29646.65;29646.65;24807424
29654.82;29654.82;29642.3;29642.3;29642.3;780288
29653.2;29654.76;29648.81;29650.68;29650.68;3672064
29667.5;29732.92;29667.5;29732.92;29732.92;25712640
29707.79;29763.99;29707.79;29763.99;29763.99;40329216
29746.02;29764.12;29744.14;29764.12;29764.12;73992192
29769.51;29774.95;29723.48;29723.48;29723.48;32409600
29722.0;29729.57;29722.0;29725.5;29725.5;12570624
29731.98;29754.34;29731.98;29754.34;29754.34;15663104
29763.14;29763.14;29715.29;29715.29;29715.29;11855872
29688.34;29692.97;29687.54;29692.97;29692.97;8361984
29705.91;29705.91;29683.85;29683.85;29683.85;2525184
29681.76;29683.75;29673.63;29682.76;29682.76;606208
29683.18;29697.01;29683.18;29697.01;29697.01;7835648
29615.14;29625.56;29614.46;29625.56;29625.56;15593472
29632.93;29642.51;29627.33;29638.05;29638.05;5498880
29565.21;29571.09;29565.21;29571.09;29571.09;13334528
29567.85;29572.83;29560.84;29560.84;29560.84;4714496
29560.7;29560.7;29543.04;29546.38;29546.38;8105984
29517.54;29543.07;29517.54;29543.07;29543.07;9283584
29540.22;29544.76;29537.79;29544.76;29544.76;10094592
29676.82;29722.62;29670.11;29722.62;29722.62;36036608
29705.69;29716.31;29692.62;29712.12;29712.12;25415680
29716.77;29718.13;29712.92;29715.82;29715.82;16683008
29703.42;29728.18;29703.42;29728.18;29728.18;733184
29727.64;29727.64;29718.66;29718.66;29718.66;3559424
29762.21;29792.29;29762.21;29792.29;29792.29;510976
29791.01;29851.57;29791.01;29829.32;29829.32;55013376
29831.99;29887.21;29831.99;29865.06;29865.06;59583488
29877.6;29898.74;29877.6;29886.27;29886.27;55257088
29876.52;29898.11;29873.68;29898.11;29898.11;15952896
29943.41;29943.41;29910.65;29910.65;29910.65;22525952
29861.07;29861.07;29814.6;29814.6;29814.6;22347776
29816.62;29840.38;29802.47;29840.38;29840.38;20697088
29852.85;29868.94;29852.85;29859.81;29859.81;4738048
29917.01;29917.01;29894.75;29898.28;29898.28;5542912
29916.75;29924.36;29904.31;29924.36;29924.36;8717312
29924.46;29945.83;29924.46;29927.29;29927.29;22639616
29937.29;29966.08;29933.93;29966.08;29966.08;8986624
29978.39;29994.66;29978.39;29988.19;29988.19;46650368
29996.42;30050.85;29996.42;30050.85;30050.85;131399680
30076.69;30139.76;30076.69;30077.18;30077.18;166336512
30109.47;30123.9;30078.28;30078.28;30078.28;44682240
30106.86;30154.53;30106.86;30147.16;30147.16;52649984
30152.32;30287.48;30152.32;30202.92;30202.92;241164288
30131.44;30131.44;30006.59;30006.59;30006.59;136911872
30045.53;30045.53;29996.16;29996.16;29996.16;151127040
30005.73;30069.85;30001.33;30068.38;30068.38;77359104
30086.38;30128.42;30086.38;30128.42;30128.42;47864832
30104.86;30117.77;30094.09;30117.77;30117.77;57513984
30113.48;30113.48;30027.38;30027.38;30027.38;24309760
30051.12;30116.19;30051.12;30116.19;30116.19;14753792
30114.49;30131.81;30114.28;30131.81;30131.81;47890432
30129.74;30129.74;30112.61;30122.23;30122.23;39800832
30119.91;30183.55;30119.91;30183.55;30183.55;50925568
30179.6;30213.6;30179.6;30213.6;30213.6;69997568
30215.72;30251.21;30215.72;30218.61;30218.61;31129600
30197.74;30197.74;30165.56;30171.35;30171.35;32475136
30148.22;30148.22;30116.15;30116.15;30116.15;32430080
30100.39;30119.75;30093.76;30105.69;30105.69;31429632
30104.06;30106.35;30072.72;30072.72;30072.72;5519360
30072.69;30072.69;30055.76;30066.14;30066.14;26401792
30073.2;30137.45;30073.2;30137.45;30137.45;10285056
30147.09;30147.91;30136.01;30136.01;30136.01;27638784
30159.31;30181.48;30157.6;30157.6;30157.6;7841792
30106.54;30106.54;30080.04;30080.04;30080.04;4254720
29974.46;30026.76;29974.46;30025.91;30025.91;27450368
30031.9;30059.68;30017.84;30059.68;30059.68;22436864
30068.88;30068.88;30047.25;30048.26;30048.26;20297728
30007.74;30012.31;30003.4;30003.4;30003.4;8636416
30053.99;30053.99;30032.98;30032.98;30032.98;6287360
30031.1;30031.41;30024.63;30027.6;30027.6;4134912
30039.99;30053.17;30036.1;30036.1;30036.1;5260288
30042.3;30043.16;30034.49;30034.49;30034.49;1793024
30058.46;30058.46;30009.32;30009.32;30009.32;934912
30019.05;30021.95;30010.92;30010.92;30010.92;7333888
30000.08;30001.02;29995.7;30001.02;30001.02;1138688
30026.77;30029.89;30026.77;30029.89;30029.89;7411712
30024.06;30030.63;30024.06;30027.72;30027.72;4932608
29996.38;29996.38;29985.98;29987.15;29987.15;5181440
29990.96;29990.96;29967.67;29970.22;29970.22;7433216
29968.71;29987.82;29962.73;29987.82;29987.82;661504
29988.4;30003.64;29988.4;30001.85;30001.85;8699904
30004.27;30015.65;30004.27;30010.61;30010.61;1579008
30012.93;30015.02;30009.73;30015.01;30015.01;7549952
29933.32;29933.32;29870.73;29870.73;29870.73;12288
29886.25;29905.96;29886.25;29905.96;29905.96;36464640
29903.71;29913.06;29903.71;29913.06;29913.06;14294016
29910.7;29916.63;29907.52;29916.63;29916.63;265900032
29915.41;29939.91;29915.41;29939.47;29939.47;8702976
29948.68;29960.9;29948.68;29960.21;29960.21;31777792
29963.57;29963.73;29962.31;29962.44;29962.44;6846464
29970.68;29989.82;29960.89;29960.89;29960.89;24400896
29961.32;29962.88;29957.5;29962.88;29962.88;4470784
29958.71;29962.12;29949.47;29962.12;29962.12;7270400
29971.32;30005.92;29971.32;29991.69;29991.69;6854656
29983.9;29987.62;29967.46;29985.29;29985.29;16427008
30006.44;30006.52;29995.17;29995.17;29995.17;19308544
30059.81;30066.7;30009.18;30009.18;30009.18;47275008
30004.7;30027.42;30004.7;30018.67;30018.67;22708224
30009.2;30009.2;29967.01;29967.01;29967.01;17129472
29948.36;29962.75;29948.36;29953.75;29953.75;35752960
29914.41;29914.41;29882.45;29906.68;29906.68;13088768
29910.65;29937.07;29910.65;29937.07;29937.07;10272768
29931.21;29944.21;29931.13;29944.21;29944.21;6843392
29944.21;29947.86;29937.98;29937.98;29937.98;7224320
29881.14;29881.14;29873.28;29877.05;29877.05;6242304
29871.27;29890.82;29871.27;29890.82;29890.82;5139456
29866.2;29879.72;29866.2;29867.08;29867.08;7578624
29867.23;29880.31;29867.23;29880.31;29880.31;16324608
29862.16;29867.21;29860.27;29867.01;29867.01;1671168
29887.47;29887.47;29876.88;29876.88;29876.88;14336
29874.28;29887.56;29874.11;29884.81;29884.81;5618688
29895.93;29898.87;29893.59;29898.87;29898.87;8080384
29920.56;29920.56;29909.13;29909.13;29909.13;6068224
29925.06;29926.84;29920.55;29926.17;29926.17;8064000
29922.12;29924.14;29920.95;29920.95;29920.95;5599232
29920.16;29926.61;29918.24;29920.73;29920.73;183296
29921.09;29931.5;29918.68;29930.57;29930.57;4853760
29934.71;29960.27;29934.63;29960.27;29960.27;15832064
29960.71;29962.71;29958.45;29962.71;29962.71;20340736
29960.73;29960.73;29957.05;29957.64;29957.64;11927552
29965.12;29984.05;29965.12;29984.05;29984.05;19280896
29984.19;29984.6;29979.6;29984.6;29984.6;4632576
29985.44;30003.55;29985.44;30003.55;30003.55;10531840
30002.64;30007.19;29975.78;29975.78;29975.78;11834368
29975.21;29975.21;29967.34;29967.34;29967.34;3747840
29970.74;30008.56;29970.74;30008.56;30008.56;263523328
30034.34;30071.21;30016.48;30016.48;30016.48;123370496
30018.62;30018.62;30011.56;30013.84;30013.84;67434496
30016.11;30044.06;30016.11;30044.06;30044.06;44066816
30058.48;30062.4;30056.2;30057.78;30057.78;20206592
30065.77;30065.77;30041.43;30041.43;30041.43;22506496
30034.16;30034.16;30027.54;30032.25;30032.25;7724032
30029.3;30038.82;30027.47;30038.82;30038.82;17385472
30038.56;30038.56;30010.06;30010.06;30010.06;7587840
29999.02;30010.65;29999.02;30010.65;30010.65;7254016
30015.93;30053.94;30015.93;30053.94;30053.94;11496448
30072.47;30193.32;30072.47;30136.77;30136.77;172146688
30133.99;30174.46;30130.24;30173.25;30173.25;65946624
30175.32;30175.32;30166.7;30172.91;30172.91;55791616
30176.68;30199.43;30176.68;30182.43;30182.43;65176576
30164.83;30164.83;30121.03;30121.03;30121.03;46689280
30121.26;30121.26;30111.6;30116.23;30116.23;25305088
30122.97;30137.97;30122.97;30136.22;30136.22;66318336
30129.67;30129.97;30100.07;30100.07;30100.07;963584
30094.12;30100.17;30088.58;30089.43;30089.43;5687296
30054.29;30054.29;30023.14;30041.12;30041.12;12921856
30040.86;30041.87;29979.56;29979.56;29979.56;27609088
29990.42;29995.7;29988.38;29994.34;29994.34;55063552
29991.23;29997.9;29979.89;29979.89;29979.89;8322048
29981.83;29981.83;29959.24;29960.71;29960.71;2022400
29961.87;29970.57;29906.83;29906.83;29906.83;13923328
29913.91;29923.04;29913.91;29923.04;29923.04;36622336
29890.35;29890.35;29720.31;29763.57;29763.57;214379520
29767.79;29837.19;29767.79;29837.19;29837.19;150486016
29837.09;29846.73;29828.36;29829.12;29829.12;48874496
29836.08;29836.08;29826.02;29834.73;29834.73;27872256
29834.7;29864.91;29812.07;29864.91;29864.91;5506048
29861.62;29869.43;29853.48;29869.43;29869.43;22774784
29862.34;29874.08;29862.34;29874.08;29874.08;21179392
29876.72;29889.1;29866.7;29866.7;29866.7;25764864
29867.34;29867.34;29838.36;29838.36;29838.36;17953792
29829.58;29829.58;29805.78;29805.78;29805.78;25767936
29824.38;29824.38;29799.68;29820.06;29820.06;19449856
29832.39;29838.9;29832.39;29833.17;29833.17;14799872
29838.56;29867.34;29838.56;29866.7;29866.7;13407232
29870.32;29879.66;29852.04;29852.04;29852.04;5746688
29861.67;29861.67;29849.25;29849.25;29849.25;13429760
29846.28;29857.58;29839.57;29854.38;29854.38;11619328
29872.5;29935.41;29872.22;29926.88;29926.88;5611520
29934.23;29947.15;29930.77;29944.83;29944.83;45252608
29967.5;29979.15;29960.69;29979.15;29979.15;30498816
29967.99;29969.21;29964.77;29969.21;29969.21;10509312
29980.68;29998.59;29977.45;29977.45;29977.45;26693632
29972.05;29984.27;29964.7;29964.7;29964.7;7408640
29956.36;29956.36;29939.83;29939.83;29939.83;8193024
29905.04;29915.51;29905.04;29915.51;29915.51;15451136
29907.34;29921.0;29907.34;29921.0;29921.0;252834816
29927.66;29946.45;29927.66;29945.44;29945.44;6434816
29943.46;29954.18;29940.91;29954.18;29954.18;3303424
29959.21;29959.23;29951.14;29951.14;29951.14;640000
29902.96;29905.6;29870.23;29870.23;29870.23;10788864
29888.25;29913.47;29888.25;29913.47;29913.47;18837504
29942.65;29951.98;29935.11;29950.86;29950.86;5705728
29939.13;29939.13;29933.31;29933.31;29933.31;79872
29931.04;29931.11;29903.34;29904.16;29904.16;5708800
29952.48;29976.8;29952.48;29966.58;29966.58;16522240
29956.06;29956.06;29949.0;29951.57;29951.57;283651072
29920.04;29920.04;29881.87;29888.47;29888.47;529408
29890.47;29890.47;29878.78;29879.11;29879.11;31026176
29881.43;29886.01;29881.0;29881.0;29881.0;10356736
29883.1;29883.1;29878.03;29878.47;29878.47;13081600
29843.75;29843.75;29822.6;29822.6;29822.6;1626112
29818.42;29821.59;29808.96;29819.12;29819.12;10212352
29872.93;29880.83;29872.93;29879.28;29879.28;3891200
29889.94;29896.33;29889.94;29894.88;29894.88;7593984
29887.78;29887.78;29867.77;29880.11;29880.11;4677632
29899.57;29936.22;29899.57;29936.22;29936.22;15220736
29933.2;29938.2;29931.57;29931.57;29931.57;15674368
29936.34;29936.34;29928.28;29928.53;29928.53;11441152
29902.52;29903.81;29901.78;29902.76;29902.76;186740736
29845.5;29847.11;29842.18;29847.11;29847.11;477184
29823.16;29823.16;29805.2;29805.2;29805.2;5588992
29803.12;29807.8;29801.34;29807.8;29807.8;13434880
29816.06;29844.78;29816.06;29844.78;29844.78;6378496
29814.29;29814.77;29813.06;29813.43;29813.43;2318336
29812.84;29812.84;29759.81;29783.4;29783.4;16242688
29789.34;29807.04;29789.34;29807.04;29807.04;11426816
29837.52;29852.16;29837.52;29839.41;29839.41;12963840
29844.33;29844.49;29838.97;29840.18;29840.18;249856
29846.69;29850.65;29838.18;29842.29;29842.29;2023424
29866.62;29886.8;29866.62;29875.4;29875.4;19610624
29884.59;29976.43;29884.59;29976.43;29976.43;30298112
30001.0;30001.0;29950.86;29958.68;29958.68;217206784
29963.53;29989.49;29956.88;29972.7;29972.7;49783808
29979.98;30033.79;29979.98;30033.79;30033.79;73690112
30049.94;30049.94;29969.58;29969.58;29969.58;54797312
29959.65;29959.65;29942.47;29959.41;29959.41;12633088
29973.57;30016.21;29973.57;29995.25;29995.25;33089536
30003.61;30003.61;29962.29;29962.86;29962.86;22040576
29960.4;29961.02;29939.38;29961.02;29961.02;27413504
29962.04;29972.44;29960.54;29966.05;29966.05;2014208
29975.77;29992.98;29975.77;29985.48;29985.48;1330176
30006.08;30006.08;29986.11;29986.11;29986.11;3869696
29998.99;30017.18;29998.99;30004.14;30004.14;4909056
29976.48;29986.64;29976.48;29986.64;29986.64;7677952
29968.24;29976.17;29949.93;29949.93;29949.93;19917824
29957.04;29987.12;29957.04;29965.91;29965.91;19190784
29975.02;29975.02;29928.23;29928.23;29928.23;5450752
29904.36;29910.08;29903.45;29909.68;29909.68;14068736
29933.41;29946.92;29933.41;29942.17;29942.17;2094080
29950.14;29987.68;29950.14;29987.68;29987.68;634880
30007.28;30116.11;30000.9;30116.11;30116.11;70712320
30108.96;30111.88;30060.41;30077.7;30077.7;68950016
30098.73;30152.38;30094.51;30139.11;30139.11;46788608
30140.69;30142.61;30097.83;30101.28;30101.28;6592512
30100.49;30151.7;30100.49;30151.7;30151.7;5133312
30155.3;30155.3;30117.04;30130.66;30130.66;101091328
30148.28;30174.58;30148.28;30174.58;30174.58;20830208
30182.68;30231.55;30182.68;30231.55;30231.55;68971520
30259.36;30394.79;30259.36;30391.52;30391.52;336444416
30421.41;30520.52;30398.51;30398.51;30398.51;431322112
30316.59;30351.17;30316.59;30337.36;30337.36;216954880
30331.82;30344.07;30283.79;30344.07;30344.07;63603712
30343.72;30367.82;30307.3;30307.3;30307.3;54252544
30314.31;30325.14;30294.08;30325.14;30325.14;37547008
30355.35;30355.35;30317.11;30317.11;30317.11;50650112
30338.92;30359.46;30317.38;30317.38;30317.38;6915072
30306.99;30306.99;30205.45;30205.45;30205.45;32690176
30239.63;30239.63;30213.94;30213.94;30213.94;50026496
30203.35;30253.12;30203.35;30253.12;30253.12;46427136
30264.61;30282.7;30264.61;30276.19;30276.19;33624064
30276.12;30278.7;30271.76;30278.7;30278.7;53272576
30262.53;30288.62;30255.01;30286.76;30286.76;24770560
30320.12;30355.45;30320.12;30355.45;30355.45;55623680
30348.09;30356.97;30344.38;30356.97;30356.97;48492544
30339.43;30349.55;30339.43;30344.23;30344.23;26423296
30344.6;30394.06;30344.6;30393.72;30393.72;28702720
30397.4;30397.4;30376.4;30389.8;30389.8;40717312
30349.95;30349.95;30343.93;30344.73;30344.73;14259200
30342.74;30342.74;30316.38;30316.38;30316.38;12920832
30311.03;30313.53;30303.3;30313.53;30313.53;12628992
30328.55;30375.13;30328.55;30375.13;30375.13;33442816
30369.31;30409.54;30369.31;30409.54;30409.54;36174848
30434.89;30434.89;30389.14;30393.72;30393.72;61370368
30396.97;30421.22;30390.95;30421.22;30421.22;21917696
30442.35;30490.8;30442.35;30490.8;30490.8;65694720
30507.34;30579.98;30507.34;30568.8;30568.8;149003264
30650.54;30683.86;30602.6;30614.17;30614.17;348778496
30665.85;30747.74;30665.85;30734.94;30734.94;188186624
30728.92;30791.95;30714.62;30791.95;30791.95;263048192
30785.21;30792.05;30652.41;30652.41;30652.41;82834432
30655.88;30661.76;30642.35;30642.35;30642.35;125168640
30620.55;30645.8;30620.55;30629.74;30629.74;59161600
30637.58;30646.61;30613.23;30613.23;30613.23;32248832
30614.29;30614.29;30579.02;30579.02;30579.02;116722688
30621.08;30657.68;30621.08;30657.68;30657.68;47824896
30648.86;30675.79;30645.84;30675.79;30675.79;23777280
30677.77;30698.88;30677.77;30681.78;30681.78;48490496
30679.73;30684.67;30674.7;30675.46;30675.46;36719616
30680.15;30685.47;30675.53;30682.31;30682.31;5313536
30684.35;30712.8;30684.35;30697.75;30697.75;22262784
30738.13;30802.13;30720.06;30802.13;30802.13;28946432
30811.02;30821.8;30762.03;30821.8;30821.8;91243520
30863.15;30874.68;30821.08;30866.67;30866.67;213984256
30883.34;30887.63;30852.15;30887.63;30887.63;96076800
30914.77;30929.33;30853.46;30853.46;30853.46;115306496
30849.21;30864.72;30831.37;30831.37;30831.37;72194048
30811.0;30842.9;30805.57;30842.9;30842.9;101727232
30834.85;30834.85;30805.51;30813.9;30813.9;34931712
30936.86;30951.28;30920.82;30920.82;30920.82;113934336
30891.42;30920.61;30815.37;30815.37;30815.37;51258368
30790.29;30790.29;30726.07;30741.02;30741.02;70084608
30756.47;30756.47;30724.18;30724.18;30724.18;28317696
30720.71;30756.51;30720.71;30752.14;30752.14;36787200
30740.18;30761.78;30740.18;30761.78;30761.78;17801216
30766.79;30784.21;30766.79;30772.64;30772.64;33156096
30782.58;30784.04;30737.02;30737.02;30737.02;27719680
30741.54;30741.54;30705.15;30705.15;30705.15;17666048
30691.12;30691.12;30660.29;30660.29;30660.29;11774976
30665.69;30665.69;30641.18;30654.09;30654.09;835391488
30663.64;30712.01;30663.64;30712.01;30712.01;313809920
30700.59;30721.95;30700.59;30721.95;30721.95;19912704
30721.48;30721.48;30708.55;30708.55;30708.55;34753536
30709.29;30740.97;30709.29;30738.33;30738.33;11929600
30469.04;30539.05;30469.04;30520.09;30520.09;157536256
30523.48;30548.69;30490.38;30490.38;30490.38;41737216
30511.12;30539.11;30511.12;30538.69;30538.69;49843200
30559.55;30562.73;30554.51;30558.06;30558.06;37842944
30541.81;30544.71;30540.07;30540.07;30540.07;31758336
30542.91;30542.91;30510.44;30519.61;30519.61;17426432
30533.28;30565.11;30533.28;30565.11;30565.11;32794624
30568.11;30580.98;30552.62;30552.62;30552.62;2055168
30555.66;30564.45;30551.09;30564.45;30564.45;865280
30577.12;30582.2;30573.64;30574.62;30574.62;26467328
30571.05;30599.28;30571.05;30598.01;30598.01;36191232
30604.08;30637.17;30604.08;30637.17;30637.17;45024256
30642.79;30691.49;30642.79;30691.49;30691.49;56184832
30698.69;30698.69;30659.51;30659.51;30659.51;45231104
30654.97;30654.97;30635.12;30635.12;30635.12;13561856
30632.31;30632.31;30591.95;30591.95;30591.95;25263104
30583.84;30606.73;30574.5;30606.73;30606.73;20880384
30598.2;30598.2;30526.61;30536.13;30536.13;16724992
30556.11;30562.05;30518.92;30518.92;30518.92;56135680
30500.93;30501.86;30473.21;30473.21;30473.21;67943424
30468.15;30544.77;30468.15;30544.77;30544.77;121643008
30539.34;30539.34;30503.32;30512.22;30512.22;33698816
30511.59;30511.59;30394.63;30401.77;30401.77;121414656
30421.08;30458.98;30421.08;30455.54;30455.54;87915520
30467.7;30486.29;30467.7;30478.99;30478.99;58145792
30487.13;30493.99;30487.13;30493.99;30493.99;4548608
30491.08;30499.98;30489.36;30499.98;30499.98;8884224
30503.01;30503.45;30496.22;30499.76;30499.76;20127744
30493.55;30508.44;30493.55;30508.44;30508.44;26876928
30510.49;30540.39;30510.49;30540.39;30540.39;18299904
30546.43;30556.1;30537.21;30537.21;30537.21;41542656
30534.23;30557.77;30534.23;30548.99;30548.99;12535808
30534.35;30534.35;30498.38;30504.32;30504.32;26015744
30511.18;30518.51;30511.18;30515.25;30515.25;32714752
30519.19;30542.59;30519.19;30542.59;30542.59;54634496
30547.0;30552.65;30547.0;30550.67;30550.67;8757248
30569.47;30574.83;30568.71;30568.71;30568.71;36270080
30569.02;30595.88;30563.05;30588.82;30588.82;21032960
30582.2;30601.99;30582.2;30588.21;30588.21;22953984
30579.06;30590.72;30579.06;30590.72;30590.72;37402624
30575.89;30616.27;30575.89;30616.27;30616.27;27955200
30634.31;30634.31;30611.7;30611.7;30611.7;48211968
30605.35;30650.7;30605.35;30650.7;30650.7;20383744
30651.15;30653.36;30631.06;30644.17;30644.17;27109376
30660.92;30660.92;30650.33;30659.6;30659.6;12834816
30665.5;30686.06;30665.5;30686.06;30686.06;22083584
30706.13;30706.13;30688.26;30705.89;30705.89;32094208
30715.07;30775.03;30715.07;30726.99;30726.99;41652224
30685.41;30685.41;30659.23;30661.98;30661.98;55439360
30679.7;30679.7;30654.13;30656.13;30656.13;3131392
30667.05;30681.52;30646.01;30646.01;30646.01;5818368
30648.35;30651.49;30642.48;30642.48;30642.48;36009984
30653.68;30706.84;30644.84;30706.84;30706.84;35788800
30703.34;30753.95;30699.21;30753.95;30753.95;32342016
30745.18;30745.18;30707.66;30707.66;30707.66;62562304
30707.63;30707.63;30676.44;30676.44;30676.44;27768832
30668.88;30668.88;30617.95;30617.95;30617.95;28381184
30622.07;30638.82;30622.07;30632.28;30632.28;22081536
30624.06;30630.01;30608.12;30616.74;30616.74;16244736
30635.87;30667.9;30635.87;30655.01;30655.01;29380608
30647.08;30652.4;30643.51;30652.4;30652.4;37943296
30656.34;30684.8;30651.55;30684.8;30684.8;16138240
30691.35;30709.17;30691.35;30699.6;30699.6;25663488
30699.23;30703.52;30684.7;30684.7;30684.7;27056128
30643.63;30643.63;30613.68;30638.03;30638.03;40448000
30620.4;30620.4;30593.07;30609.95;30609.95;54622208
30584.7;30584.7;30475.36;30508.97;30508.97;74698752
30489.87;30503.49;30433.32;30474.04;30474.04;61908992
30501.41;30526.73;30501.41;30524.81;30524.81;141725696
30525.4;30605.19;30525.4;30605.19;30605.19;97581056
30611.43;30611.43;30572.74;30594.19;30594.19;70510592
30563.89;30622.9;30563.89;30620.49;30620.49;58066944
30620.42;30624.95;30609.21;30609.21;30609.21;9005056
30630.97;30680.0;30630.97;30680.0;30680.0;31225856
30672.85;30682.06;30666.0;30682.06;30682.06;60780544
30690.69;30730.72;30690.39;30730.72;30730.72;37384192
30726.05;30726.05;30686.85;30686.85;30686.85;22272000
30675.36;30708.82;30665.54;30665.54;30665.54;19234816
30650.86;30676.13;30646.25;30676.13;30676.13;7550976
30701.14;30744.24;30701.14;30726.66;30726.66;82335744
30726.86;30803.86;30719.53;30751.52;30751.52;129320960
30721.35;30813.46;30721.35;30813.46;30813.46;28563456
30812.5;30834.3;30799.36;30803.28;30803.28;75206656
30778.59;30822.55;30778.4;30822.55;30822.55;17596416
30826.5;30848.8;30807.71;30848.8;30848.8;34002944
30834.5;30892.94;30834.5;30892.94;30892.94;56731648
30901.04;30919.98;30812.37;30816.83;30816.83;112961536
30816.64;30860.31;30809.13;30860.31;30860.31;70471680
30860.62;30873.03;30833.56;30833.56;30833.56;85768192
30847.91;30852.04;30833.04;30833.04;30833.04;51738624
30889.09;30926.64;30882.82;30906.59;30906.59;73129984
30891.53;30910.85;30891.26;30891.26;30891.26;62212096
30882.48;30901.3;30875.47;30901.3;30901.3;44800000
30908.32;30972.26;30908.32;30967.11;30967.11;40067072
30968.64;30968.64;30888.65;30904.9;30904.9;108261376
30899.39;30933.68;30881.13;30881.13;30881.13;50989056
30879.09;30962.74;30879.09;30962.74;30962.74;50841600
30965.49;30976.44;30930.96;30930.96;30930.96;93519872
30921.05;30985.53;30921.05;30985.53;30985.53;40785920
30989.25;30997.24;30910.52;30910.52;30910.52;73115648
30933.94;30933.94;30859.4;30884.83;30884.83;78196736
30837.27;30860.99;30835.81;30860.99;30860.99;122968064
30850.46;30995.35;30850.38;30995.35;30995.35;70359040
31003.85;31075.3;30957.14;31075.3;31075.3;312907776
31045.49;31105.87;31018.88;31097.24;31097.24;331024384
31135.46;31197.97;31130.43;31197.97;31197.97;147929088
31204.6;31287.5;31204.6;31270.19;31270.19;272463872
31232.82;31232.82;31135.22;31135.22;31135.22;207448064
31172.08;31314.57;31172.08;31279.71;31279.71;114763776
31280.16;31280.16;31212.58;31220.37;31220.37;132339712
31200.13;31200.13;31098.66;31134.29;31134.29;161482752
31129.33;31147.21;31125.88;31125.88;31125.88;50204672
31116.25;31116.25;30915.68;30915.68;30915.68;115730432
30933.58;30969.25;30920.78;30963.97;30963.97;210931712
30940.82;31021.13;30940.82;31020.73;31020.73;85796864
31036.5;31063.29;31036.5;31046.91;31046.91;99024896
31024.3;31053.2;31024.3;31053.2;31053.2;49844224
31097.27;31097.27;31036.71;31036.71;31036.71;49131520
31040.85;31060.19;31030.72;31030.72;31030.72;53221376
30999.1;31061.22;30999.1;31061.22;31061.22;14856192
31076.2;31105.02;31044.39;31044.39;31044.39;44718080
31056.14;31104.14;31056.14;31101.63;31101.63;48857088
31120.47;31120.47;31054.29;31054.29;31054.29;55762944
31051.49;31051.49;31034.29;31038.46;31038.46;17852416
31042.02;31042.02;31008.89;31008.89;31008.89;47949824
31007.49;31009.15;30996.25;31008.48;31008.48;41551872
30994.0;31010.77;30993.19;31004.83;31004.83;27090944
31011.72;31011.72;30995.54;30995.54;30995.54;41928704
30897.89;30997.26;30825.97;30996.3;30996.3;701763584
31009.48;31128.2;31009.48;31126.77;31126.77;268015616
31133.37;31175.28;31133.15;31135.06;31135.06;275767296
31182.55;31335.87;31182.55;31323.53;31323.53;220948480
31358.24;31358.24;31222.3;31222.3;31222.3;139223040
31219.28;31269.63;31219.28;31269.63;31269.63;165941248
31270.47;31270.47;31202.76;31203.63;31203.63;82255872
31147.95;31180.88;31147.95;31158.77;31158.77;68462592
31114.96;31186.2;31114.96;31186.2;31186.2;96124928
31192.49;31192.49;31158.69;31176.7;31176.7;39380992
31145.53;31217.35;31145.53;31217.35;31217.35;45078528
31232.33;31280.88;31232.33;31280.88;31280.88;93644800
31274.7;31316.94;31274.7;31316.94;31316.94;78850048
31343.48;31368.05;31311.04;31362.13;31362.13;68141056
31356.17;31412.26;31356.17;31412.26;31412.26;136826880
31380.26;31409.64;31341.5;31409.64;31409.64;66494464
31394.01;31478.08;31394.01;31478.08;31478.08;95959040
31480.59;31486.79;31480.59;31480.69;31480.69;142768128
31485.68;31590.04;31485.68;31590.04;31590.04;177614848
31664.58;31664.58;31559.05;31639.3;31639.3;216154112
31694.63;31694.63;31613.74;31621.66;31621.66;262584320
31614.97;31675.29;31614.97;31675.29;31675.29;107055104
31686.41;31748.96;31686.41;31748.96;31748.96;93089792
31752.86;31803.11;31685.17;31685.17;31685.17;207659008
31697.73;31729.54;31645.69;31712.26;31712.26;124796928
31685.53;31685.53;31561.95;31561.95;31561.95;84426752
31534.85;31609.41;31534.85;31566.43;31566.43;86460416
31534.43;31618.61;31534.43;31616.17;31616.17;72431616
31611.71;31611.71;31550.66;31550.66;31550.66;26580992
31520.98;31521.45;31471.47;31471.47;31471.47;44226560
31474.58;31530.25;31446.88;31530.25;31530.25;37748736
31513.73;31513.73;31492.81;31511.85;31511.85;31836160
31532.9;31578.8;31532.9;31578.8;31578.8;110247936
31569.9;31600.86;31569.9;31591.26;31591.26;46071808
31601.63;31660.73;31601.63;31641.63;31641.63;57071616
31647.5;31647.5;31614.04;31623.6;31623.6;120649728
31630.23;31635.23;31592.6;31613.49;31613.49;26114048
31606.15;31649.59;31606.15;31636.6;31636.6;19806208
31632.36;31640.39;31632.36;31637.64;31637.64;18526208
31689.74;31843.62;31689.74;31843.62;31843.62;131549184
31850.78;31933.38;31850.78;31925.85;31925.85;280664064
31954.33;31954.33;31895.0;31942.66;31942.66;166684672
31966.8;32064.56;31950.06;32064.56;32064.56;197564416
32167.8;32167.8;32088.16;32088.16;32088.16;511694848
32105.72;32211.16;32105.72;32211.16;32211.16;154152960
34029.77;34029.77;33124.93;33124.93;33124.93;1540442112
33532.02;33532.02;33249.05;33310.58;33310.58;1119297536
33152.71;33311.4;33152.71;33207.29;33207.29;936804352
33321.74;33490.59;33174.77;33174.77;33174.77;428556288
33253.85;33253.85;33223.58;33225.78;33225.78;245690368
33195.35;33195.35;32754.46;32876.66;32876.66;378527744
32911.86;33140.51;32911.86;33092.03;33092.03;579977216
33156.94;33256.74;33050.81;33256.74;33256.74;267706368
33125.99;33125.99;32993.32;32993.32;32993.32;442068992
33058.87;33110.86;32994.22;33005.04;33005.04;218308608
32968.14;32968.14;32743.3;32743.3;32743.3;336412672
32675.93;32821.27;32675.93;32821.27;32821.27;301158400
32783.14;32912.99;32783.14;32912.99;32912.99;219332608
32906.09;32949.4;32905.05;32949.4;32949.4;166436864
32955.56;33053.36;32955.56;33053.36;33053.36;192765952
33077.3;33117.91;33067.52;33117.91;33117.91;78254080
33031.11;33031.11;32880.76;32880.76;32880.76;44421120
32898.84;33028.2;32898.84;33028.2;33028.2;105795584
33002.96;33030.39;32948.82;32948.82;32948.82;119087104
33011.08;33228.64;33011.08;33228.64;33228.64;156749824
33272.6;33336.42;33222.84;33336.42;33336.42;329388032
33349.91;33495.03;33315.0;33491.95;33491.95;344043520
33537.41;33537.41;33430.77;33430.77;33430.77;221945856
33439.77;33584.03;33439.77;33519.63;33519.63;243892224
33547.5;33637.54;33517.47;33637.54;33637.54;100466688
33676.96;33713.16;33612.18;33713.16;33713.16;145567744
33686.86;33723.14;33646.48;33646.48;33646.48;179986432
33693.75;33711.17;33622.64;33711.17;33711.17;141303808
33690.85;33731.04;33619.15;33619.15;33619.15;102187008
33606.46;33747.65;33606.46;33747.65;33747.65;139341824
33780.3;33790.95;33702.66;33790.95;33790.95;131018752
33626.98;33749.55;33626.98;33749.55;33749.55;72343552
33797.62;33921.23;33797.62;33906.97;33906.97;237424640
33911.71;33969.32;33901.95;33969.32;33969.32;99442688
34105.62;34158.37;34030.56;34030.56;34030.56;92303360
34051.07;34051.07;33875.14;33875.14;33875.14;194203648
33883.63;34078.0;33883.63;34078.0;34078.0;168927232
34091.11;34099.94;34020.91;34020.91;34020.91;12640256
33910.45;33926.97;33853.54;33853.54;33853.54;27639808
33845.89;33958.91;33845.89;33958.91;33958.91;110862336
33976.58;33981.32;33903.6;33903.6;33903.6;104443904
33923.05;33947.29;33902.4;33929.83;33929.83;74981376
33940.23;34044.21;33940.23;34044.21;34044.21;101687296
34028.67;34046.12;34023.79;34023.79;34023.79;27336704
33906.23;33938.43;33852.11;33938.43;33938.43;47181824
33971.85;34008.91;33913.41;33913.41;33913.41;20168704
33878.2;33878.2;33807.71;33851.18;33851.18;11796480
33893.64;33915.21;33842.56;33915.21;33915.21;87990272
33953.96;33990.39;33922.72;33922.72;33922.72;88182784
33883.77;33883.77;33750.44;33757.73;33757.73;82763776
33737.9;33816.94;33733.4;33733.4;33733.4;128692224
33787.75;33787.75;33752.24;33773.18;33773.18;85651456
33787.41;33886.7;33787.41;33884.26;33884.26;134139904
33873.18;33910.24;33873.18;33904.87;33904.87;94752768
33925.38;33983.73;33925.38;33983.73;33983.73;47095808
33996.84;34059.74;33996.84;34055.98;34055.98;21909504
34068.81;34096.39;34057.82;34061.38;34061.38;157556736
34055.4;34068.95;34006.53;34025.14;34025.14;13107200
34069.04;34121.04;34062.14;34062.14;34062.14;10256384
33800.3;33927.12;33800.3;33855.21;33855.21;3556581376
33874.98;33940.3;33816.22;33940.3;33940.3;167403520
33853.66;33915.18;33844.5;33915.18;33915.18;15110144
33884.39;33922.09;33800.53;33800.53;33800.53;65888256
33940.87;34032.57;33940.87;34002.67;34002.67;4804608
33854.61;33864.29;33824.04;33824.04;33824.04;9752576
33640.03;33680.58;33631.85;33661.16;33661.16;40136704
33678.71;33704.43;33610.93;33621.84;33621.84;12525568
33620.51;33620.51;33446.97;33446.97;33446.97;28848128
33445.75;33537.13;33445.75;33537.13;33537.13;101937152
33563.56;33661.24;33556.64;33661.24;33661.24;206426112
33658.96;33699.98;33651.94;33699.98;33699.98;128638976
33715.64;33757.63;33715.64;33757.63;33757.63;107098112
33821.87;33856.91;33821.87;33829.66;33829.66;44716032
33826.75;33946.24;33826.75;33942.74;33942.74;14385152
33848.94;33869.9;33840.75;33840.75;33840.75;884736
33824.51;33824.51;33743.73;33743.73;33743.73;2129920
33636.84;33647.44;33544.97;33647.44;33647.44;79204352
33585.12;33599.43;33518.38;33599.43;33599.43;44310528
33561.43;33574.2;33561.43;33574.2;33574.2;46735360
33634.82;33694.43;33634.82;33694.43;33694.43;40603648
33691.46;33714.43;33678.94;33678.94;33678.94;22978560
33711.5;33713.22;33688.86;33688.86;33688.86;4096000
33692.26;33733.18;33692.26;33733.18;33733.18;9531392
33725.73;33725.73;33618.05;33618.25;33618.25;4194304
33584.89;33664.36;33571.42;33664.36;33664.36;13148160
33631.62;33631.62;33611.88;33611.88;33611.88;16535552
33559.12;34008.57;33559.12;34008.57;34008.57;145264640
34146.13;34146.13;33921.43;33921.43;33921.43;46690304
